latitude,longitude,precip_detection,precip_quantile,tp_rollingmax,drought_quantile,drought_detection,DisNo.,iso,disaster_type,start_date,end_date,event_index,start_drought_days,drought_index,precip_var,year,BARE,BUILT,GRASS-MAN,GRASS-NAT,SHRUBS,TREES,WATER
-14.8,38.6,tp_rollingmax,0.95,0.2599408250003877,0.15,pei_90,2015-0011-MOZ,MOZ,Flood,2015-01-01,2015-02-09,0,40,pei_90,tp_rollingmax,2015,9.18107476635514,0.0,33.97780373831776,40.61098130841121,0.2324766355140187,15.99766355140187,0.0
-15.6,35.7,tp_rollingmax,0.95,0.2635062479265342,0.15,pei_30,2015-0011-MWI,MWI,Flood,2015-01-01,2015-01-21,1,40,pei_30,tp_rollingmax,2015,0.0,0.058411214953271,69.67990654205607,18.259345794392523,1.588785046728972,10.413551401869158,0.0
-16.6,34.9,tp_rollingmax,0.95,0.2482653322664737,0.15,pei_90,2015-0030-MWI,MWI,Storm,2015-01-02,2015-01-04,328,40,pei_90,tp_rollingmax,2015,0.0,0.0,54.003488372093024,20.2,15.282558139534885,10.513953488372094,0.0
-16.6,31.2,tp_rollingmax,0.95,0.2143678925986319,0.15,pei_90,2015-0030-ZWE,ZWE,Storm,2015-01-02,2015-01-04,329,40,pei_90,tp_rollingmax,2015,0.0,0.0,60.23372093023256,25.57906976744186,1.8651162790697675,12.322093023255814,0.0
-28.3,-70.9,tp_rollingmax,0.95,0.0798905191552581,0.15,pei_90,2015-0106-CHL,CHL,Flood,2015-03-25,2015-04-08,2,40,pei_90,tp_rollingmax,2015,17.255364806866954,0.0,0.0,69.95493562231759,12.78969957081545,0.0,0.0
24.2,92.0,tp_rollingmax,0.95,0.0864479886965795,0.15,pei_30,2015-0118-IND,IND,Storm,2015-04-04,2015-04-05,332,40,pei_30,tp_rollingmax,2015,0.0,0.0,50.08738938053097,32.85176991150443,0.1592920353982301,16.90154867256637,0.0
-21.9,114.7,tp_rollingmax,0.95,0.1148694007746738,0.15,pei_90,2015-0135-AUS,AUS,Storm,2015-03-12,2015-03-15,334,40,pei_90,tp_rollingmax,2015,5.570454545454545,0.0,0.0,81.12272727272727,0.0727272727272727,12.963636363636365,0.2704545454545454
-0.6,34.5,tp_rollingmax,0.95,0.0544736860778293,0.15,pei_30,2015-0158-KEN,KEN,Flood,2015-04-04,2015-04-10,3,40,pei_30,tp_rollingmax,2015,0.0,0.0548780487804878,71.39268292682927,8.81829268292683,0.074390243902439,19.659756097560976,0.0
31.1,107.6,tp_rollingmax,0.95,0.0458837868396659,0.15,pei_90,2015-0160-CHN,CHN,Storm,2015-04-04,2015-04-05,335,40,pei_90,tp_rollingmax,2015,0.0,0.1974789915966386,85.94747899159664,4.628151260504202,0.0,9.22689075630252,0.0
23.1,-82.1,tp_rollingmax,0.95,0.0392532365186374,0.15,pei_30,2015-0168-CUB,CUB,Flood,2015-04-30,2015-04-30,4,40,pei_30,tp_rollingmax,2015,0.0,0.5803571428571429,58.9140625,22.089285714285715,0.0,15.920758928571429,2.4955357142857144
13.4,-88.4,tp_rollingmax,0.95,0.0370382203275472,0.15,pei_90,2015-0198-SLV,SLV,Storm,2015-05-02,2015-05-04,336,40,pei_90,tp_rollingmax,2015,0.0,0.6096698113207547,70.9622641509434,13.976415094339623,0.0,14.451650943396226,0.0
18.6,110.0,tp_rollingmax,0.95,0.2015848975589561,0.15,pei_90,2015-0252-CHN,CHN,Storm,2015-06-22,2015-06-22,337,40,pei_90,tp_rollingmax,2015,0.0,0.0,70.19954128440367,13.444954128440369,1.165137614678899,15.189220183486238,0.0011467889908256
36.7,53.7,tp_rollingmax,0.95,0.1119015446765145,0.15,pei_30,2015-0258-IRN,IRN,Flood,2015-07-14,2015-07-21,10,40,pei_30,tp_rollingmax,2015,1.7647058823529411,0.2127450980392156,51.90490196078432,29.70098039215686,0.0784313725490196,16.169607843137253,0.1686274509803921
53.8,15.2,tp_rollingmax,0.95,0.0277892220748392,0.15,pei_30,2015-0263-POL,POL,Storm,2015-07-19,2015-07-19,338,40,pei_30,tp_rollingmax,2015,0.0,0.9544797687861272,67.96026011560694,12.519508670520231,0.0,18.565751445086704,0.0
32.3,71.0,tp_rollingmax,0.95,0.056378541898926,0.15,pei_30,2015-0288-PAK,PAK,Flood,2015-06-25,2015-06-29,14,40,pei_30,tp_rollingmax,2015,7.4346938775510205,0.0,73.46530612244898,18.887755102040817,0.2122448979591836,0.0,0.0
18.4,-70.9,tp_rollingmax,0.95,0.1211583288098681,0.15,pei_30,2015-0375-DOM,DOM,Storm,2015-08-28,2015-08-28,340,40,pei_30,tp_rollingmax,2015,0.0,0.0,60.30160550458716,29.501146788990827,0.4908256880733945,9.706422018348624,0.0
18.4,-71.9,tp_rollingmax,0.95,0.0423867804752396,0.15,pei_30,2015-0375-HTI,HTI,Storm,2015-08-29,2015-08-30,341,40,pei_30,tp_rollingmax,2015,0.8876146788990825,0.0,2.5940366972477062,86.89564220183486,1.5447247706422018,8.077981651376147,0.0
28.3,-82.7,tp_rollingmax,0.95,0.0781374153983847,0.15,pei_90,2015-0399-USA,USA,Flood,2015-07-24,2015-08-05,19,40,pei_90,tp_rollingmax,2015,0.0,49.05150214592275,0.8723175965665236,22.16845493562232,2.213519313304721,10.90450643776824,14.78969957081545
46.3,4.9,tp_rollingmax,0.95,0.0762957613181058,0.15,pei_90,2015-0434-FRA,FRA,Storm,2015-09-16,2015-09-16,345,40,pei_90,tp_rollingmax,2015,0.0,7.084175084175084,65.75925925925925,22.02609427609428,0.0,3.808080808080808,1.3223905723905724
38.1,-2.0,tp_rollingmax,0.95,0.0660451111072366,0.15,pei_90,2015-0447-ESP,ESP,Flood,2015-09-07,2015-09-07,24,40,pei_90,tp_rollingmax,2015,1.753831417624521,0.0737547892720306,46.7183908045977,45.70114942528736,0.7825670498084292,4.9703065134099615,0.0
43.6,7.0,tp_rollingmax,0.95,0.0704993619211276,0.15,pei_90,2015-0451-FRA,FRA,Flood,2015-10-03,2015-10-04,25,40,pei_90,tp_rollingmax,2015,0.0,40.50443262411348,10.305851063829786,30.2145390070922,0.4432624113475177,18.53191489361702,0.0
33.8,-81.2,tp_rollingmax,0.95,0.1404900180042511,0.15,pei_90,2015-0459-USA,USA,Storm,2015-10-01,2015-10-13,346,40,pei_90,tp_rollingmax,2015,0.907258064516129,0.1028225806451613,38.474798387096776,44.99193548387097,0.8598790322580645,14.663306451612904,0.0
45.5,16.4,tp_rollingmax,0.95,0.0542934473675646,0.15,pei_90,2015-0465-HRV,HRV,Flood,2015-10-14,2015-10-16,26,40,pei_90,tp_rollingmax,2015,0.0,9.321186440677966,67.00254237288135,10.789830508474576,0.1135593220338983,12.28728813559322,0.485593220338983
41.2,14.5,tp_rollingmax,0.95,0.0570041227615014,0.15,pei_90,2015-0465-ITA,ITA,Flood,2015-10-14,2015-10-16,27,40,pei_90,tp_rollingmax,2015,2.38003663003663,5.492673992673993,66.76465201465201,14.953296703296704,0.0,10.408424908424909,0.0009157509157509
21.5,-73.0,tp_rollingmax,0.95,0.116540673014184,0.15,pei_90,2015-0479-BHS,BHS,Storm,2015-10-01,2015-10-04,348,40,pei_90,tp_rollingmax,2015,0.0,0.0,0.2272727272727272,92.33068181818182,0.1647727272727272,4.560227272727273,2.7170454545454548
30.0,-90.8,tp_rollingmax,0.95,0.1203026808699969,0.15,pei_90,2015-0488-USA,USA,Storm,2015-10-29,2015-11-03,351,40,pei_90,tp_rollingmax,2015,0.1814345991561181,1.6265822784810129,72.00738396624473,2.678270042194093,0.0,8.64451476793249,14.86181434599156
3.8,43.9,tp_rollingmax,0.95,0.0739914516195294,0.15,pei_30,2015-0544-SOM,SOM,Flood,2015-03-01,2015-04-15,36,40,pei_30,tp_rollingmax,2015,0.0,0.0,0.0,10.25609756097561,89.7439024390244,0.0,0.0
7.8,39.2,tp_rollingmax,0.95,0.0753209873013655,0.15,pei_90,2016-0101-ETH,ETH,Flood,2016-04-02,2016-04-07,41,40,pei_90,tp_rollingmax,2016,0.0,0.0,88.95853658536585,0.498780487804878,0.0,10.542682926829269,0.0
-34.7,-56.0,tp_rollingmax,0.95,0.1009060341748347,0.15,pei_90,2016-0115-URY,URY,Flood,2016-04-12,2016-05-11,42,40,pei_90,tp_rollingmax,2016,0.0,6.350198412698413,22.46626984126984,66.99503968253968,0.6607142857142857,3.5277777777777777,0.0
-33.3,-70.5,tp_rollingmax,0.95,0.0832181432399855,0.15,pei_90,2016-0118-CHL,CHL,Flood,2016-04-15,2016-04-18,43,40,pei_90,tp_rollingmax,2016,1.131578947368421,1.4615384615384617,0.3016194331983806,66.29554655870446,20.946356275303643,9.79251012145749,0.0708502024291498
24.3,96.5,tp_rollingmax,0.95,0.028223640642269,0.15,pei_30,2016-0138-MMR,MMR,Storm,2016-04-21,2016-04-23,355,40,pei_30,tp_rollingmax,2016,0.0,0.0,67.96688741721854,8.48896247240618,0.249448123620309,5.799116997792495,17.495584988962474
6.9,80.0,tp_rollingmax,0.95,0.2292658806640037,0.15,pei_90,2016-0153-LKA,LKA,Flood,2016-05-14,2016-05-15,47,40,pei_90,tp_rollingmax,2016,0.0,36.50731707317073,29.21829268292683,19.740243902439023,0.2695121951219512,14.129268292682926,0.1353658536585366
2.1,40.9,tp_rollingmax,0.95,0.135394006847031,0.15,pei_90,2016-0161-KEN,KEN,Flood,2016-04-29,2016-05-02,48,40,pei_90,tp_rollingmax,2016,0.0,0.0,0.0,76.96829268292683,23.03170731707317,0.0,0.0
21.6,92.1,tp_rollingmax,0.95,0.0722236611895675,0.15,pei_90,2016-0175-BGD,BGD,Storm,2016-05-21,2016-05-21,357,40,pei_90,tp_rollingmax,2016,0.0,0.0,69.73068181818182,10.227272727272728,3.0613636363636365,16.68522727272727,0.2954545454545454
14.8,9.7,tp_rollingmax,0.95,0.1168631125527234,0.15,pei_90,2016-0219-NER,NER,Flood,2016-06-20,2016-10-15,52,40,pei_90,tp_rollingmax,2016,8.841121495327103,0.0,7.242990654205608,83.91588785046729,0.0,0.0,0.0
17.7,94.8,tp_rollingmax,0.95,0.2266277938132676,0.15,pei_90,2016-0232-MMR,MMR,Flood,2016-06-01,2016-06-24,53,40,pei_90,tp_rollingmax,2016,0.0,0.0,0.0,65.64400921658986,14.722350230414747,19.63364055299539,0.0
26.3,85.6,tp_rollingmax,0.95,0.0595985189166797,0.15,pei_90,2016-0234-IND,IND,Storm,2016-06-12,2016-06-12,360,40,pei_90,tp_rollingmax,2016,0.0,0.0,86.53695652173913,1.8717391304347823,0.0,0.0934782608695652,11.497826086956522
27.9,81.0,tp_rollingmax,0.95,0.0806232241543163,0.15,pei_90,2016-0237-IND,IND,Storm,2016-06-20,2016-06-21,361,40,pei_90,tp_rollingmax,2016,1.8240343347639485,0.0,84.57188841201717,6.365879828326181,0.0,0.2253218884120171,7.012875536480687
-11.4,38.8,tp_rollingmax,0.95,0.0600167520861215,0.15,pei_90,2016-0248-MOZ,MOZ,Flood,2016-01-05,2016-01-29,54,40,pei_90,tp_rollingmax,2016,0.0,0.0,0.0,62.89523809523809,19.386904761904763,17.71785714285714,0.0
15.7,5.3,tp_rollingmax,0.95,0.0438302860967452,0.15,pei_30,2016-0269-NER,NER,Flood,2016-06-01,2016-09-07,55,40,pei_30,tp_rollingmax,2016,5.044392523364486,0.0,1.1682242990654206,93.56308411214954,0.2242990654205607,0.0,0.0
15.0,-1.5,tp_rollingmax,0.95,0.0687480134201904,0.15,pei_90,2016-0272-MLI,MLI,Flood,2016-07-11,2016-07-23,56,40,pei_90,tp_rollingmax,2016,0.0,0.0,0.2336448598130841,99.76635514018692,0.0,0.0,0.0
24.6,81.6,tp_rollingmax,0.95,0.2164972558046574,0.15,pei_90,2016-0276-IND,IND,Flood,2016-07-09,2016-08-22,57,40,pei_90,tp_rollingmax,2016,0.0,0.0,100.0,0.0,0.0,0.0,0.0
14.7,-1.2,tp_rollingmax,0.95,0.0560408971402452,0.15,pei_90,2016-0287-BFA,BFA,Flood,2016-06-21,2016-07-16,58,40,pei_90,tp_rollingmax,2016,2.946261682242991,0.0,16.054906542056074,80.94042056074767,0.0,0.058411214953271,0.0
40.6,22.6,tp_rollingmax,0.95,0.029038974922902,0.15,pei_30,2016-0334-GRC,GRC,Flood,2016-09-05,2016-09-08,61,40,pei_30,tp_rollingmax,2016,0.0,0.6138888888888889,98.88888888888889,0.4972222222222222,0.0,0.0,0.0
46.2,27.4,tp_rollingmax,0.95,0.0932734854975386,0.15,pei_90,2016-0426-ROU,ROU,Flood,2016-10-09,2016-10-16,63,40,pei_90,tp_rollingmax,2016,0.0,1.3260135135135136,90.07516891891892,3.901182432432433,0.0,4.697635135135135,0.0
45.4,29.6,tp_rollingmax,0.95,0.0809767686871216,0.15,pei_90,2016-0427-UKR,UKR,Flood,2016-10-12,2016-10-16,64,40,pei_90,tp_rollingmax,2016,1.0330508474576272,3.6864406779661016,5.311864406779661,61.24322033898305,11.585593220338984,3.448305084745763,13.691525423728814
14.0,-14.6,tp_rollingmax,0.95,0.2654181989492964,0.15,pei_30,2016-0449-SEN,SEN,Flood,2016-07-01,2016-09-11,65,40,pei_30,tp_rollingmax,2016,0.0,0.1631455399061032,57.960093896713616,34.848591549295776,6.863849765258216,0.1643192488262911,0.0
-18.5,-63.2,tp_rollingmax,0.95,0.0257558198109548,0.15,pei_30,2016-0522-BOL,BOL,Flood,2016-11-26,2016-12-05,69,40,pei_30,tp_rollingmax,2016,0.0,0.0,14.162844036697248,67.80045871559633,0.2282110091743119,17.80848623853211,0.0
-20.0,27.0,tp_rollingmax,0.95,0.0298590301715979,0.15,pei_90,2016-0523-ZWE,ZWE,Storm,2016-12-09,2016-12-14,368,40,pei_90,tp_rollingmax,2016,0.0,0.0,0.6704545454545454,68.30340909090908,22.507954545454545,8.518181818181818,0.0
25.2,68.6,tp_rollingmax,0.95,0.0900168968462301,0.15,pei_90,2016-0554-PAK,PAK,Flood,2016-08-06,2016-08-07,71,40,pei_90,tp_rollingmax,2016,0.0,0.0077092511013215,99.8898678414097,0.1024229074889867,0.0,0.0,0.0
-19.8,26.8,tp_rollingmax,0.95,0.1028272404113481,0.15,pei_90,2017-0091-ZWE,ZWE,Storm,2017-01-01,2017-03-15,372,40,pei_90,tp_rollingmax,2017,0.0,0.0,3.038812785388128,74.11529680365297,18.360730593607308,4.485159817351598,0.0
-18.6,16.0,tp_rollingmax,0.95,0.0957585965333907,0.15,pei_90,2017-0106-NAM,NAM,Flood,2017-01-01,2017-03-15,76,40,pei_90,tp_rollingmax,2017,0.2293577981651376,0.0,13.010321100917432,83.95756880733946,0.036697247706422,0.5963302752293578,2.169724770642202
20.4,92.8,tp_rollingmax,0.95,0.1388887019832139,0.15,pei_90,2017-0152-MMR,MMR,Storm,2017-06-01,2017-06-09,376,40,pei_90,tp_rollingmax,2017,0.0613636363636363,0.0,60.36136363636364,19.764772727272728,3.3,3.3613636363636363,13.151136363636365
16.4,-95.8,tp_rollingmax,0.95,0.2103636703897883,0.15,pei_90,2017-0168-MEX,MEX,Storm,2017-06-01,2017-06-03,377,40,pei_90,tp_rollingmax,2017,0.0,0.0,0.0,79.12906976744186,3.616279069767442,17.254651162790697,0.0
13.7,6.3,tp_rollingmax,0.95,0.0332752281347616,0.15,pei_90,2017-0186-NER,NER,Flood,2017-06-13,2017-06-19,77,40,pei_90,tp_rollingmax,2017,1.5212264150943395,0.0,44.22287735849056,54.255896226415096,0.0,0.0,0.0
-3.1,38.5,tp_rollingmax,0.95,0.1103949515080242,0.15,pei_90,2017-0205-KEN,KEN,Flood,2017-05-08,2017-05-16,80,40,pei_90,tp_rollingmax,2017,0.0,0.0,27.192682926829267,58.37317073170732,14.429268292682927,0.0048780487804878,0.0
33.6,73.9,tp_rollingmax,0.95,0.2081389321649795,0.15,pei_30,2017-0243-PAK,PAK,Flood,2017-06-26,2017-09-11,83,40,pei_30,tp_rollingmax,2017,0.0,0.0,27.545362903225808,59.49193548387097,0.0,12.95866935483871,0.0040322580645161
24.0,71.9,tp_rollingmax,0.95,0.2969404098672227,0.15,pei_30,2017-0257-IND,IND,Flood,2017-06-01,2017-06-30,84,40,pei_30,tp_rollingmax,2017,0.0,0.0,96.44444444444444,3.555555555555556,0.0,0.0,0.0
40.5,116.2,tp_rollingmax,0.95,0.0904154673806996,0.15,pei_90,2017-0261-CHN,CHN,Flood,2017-07-06,2017-07-09,85,40,pei_90,tp_rollingmax,2017,0.0,1.8605947955390332,38.38940520446096,46.14869888475837,0.0,13.601301115241636,0.0
24.4,84.9,tp_rollingmax,0.95,0.0866260854670425,0.15,pei_90,2017-0265-IND,IND,Storm,2017-07-08,2017-07-11,380,40,pei_90,tp_rollingmax,2017,0.0,0.0,57.62224669603524,34.99669603524229,0.0,7.381057268722467,0.0
24.1,72.9,tp_rollingmax,0.95,0.527856825968223,0.15,pei_30,2017-0294-IND,IND,Flood,2017-06-01,2017-08-15,87,40,pei_30,tp_rollingmax,2017,0.0,0.0,62.63333333333333,28.866666666666667,0.3911111111111111,3.2355555555555555,4.873333333333333
27.5,-112.4,tp_rollingmax,0.95,0.1279789337992473,0.15,pei_90,2017-0376-MEX,MEX,Storm,2017-08-30,2017-09-02,381,40,pei_90,tp_rollingmax,2017,0.0,0.0,0.0,82.72532188841201,16.376609442060087,0.898068669527897,0.0
43.6,10.4,tp_rollingmax,0.95,0.0529161215887191,0.15,pei_30,2017-0408-ITA,ITA,Storm,2017-09-09,2017-09-10,393,40,pei_30,tp_rollingmax,2017,3.2411347517730498,4.011524822695035,69.29166666666667,7.102836879432624,0.0,15.955673758865249,0.3971631205673759
-29.7,30.6,tp_rollingmax,0.95,0.0542581143812295,0.15,pei_90,2017-0462-ZAF,ZAF,Storm,2017-10-09,2017-10-10,395,40,pei_90,tp_rollingmax,2017,0.0,0.938818565400844,21.501054852320674,44.65084388185654,14.117088607594935,18.792194092827003,0.0
24.1,-99.2,tp_rollingmax,0.95,0.0279739067225024,0.15,pei_90,2017-0498-MEX,MEX,Flood,2017-09-26,2017-10-07,95,40,pei_90,tp_rollingmax,2017,0.0,0.0,74.12666666666667,6.444444444444445,10.982222222222225,8.446666666666667,0.0
26.6,84.9,tp_rollingmax,0.95,0.0559868121659042,0.15,pei_30,2017-0569-IND,IND,Storm,2017-05-28,2017-05-28,396,40,pei_30,tp_rollingmax,2017,0.0,0.7153679653679653,97.5108225108225,0.5487012987012987,0.0,0.0151515151515151,1.20995670995671
-22.0,24.7,tp_rollingmax,0.95,0.0923895717443714,0.15,pei_90,2018-0103-BWA,BWA,Flood,2018-02-23,2018-03-22,100,40,pei_90,tp_rollingmax,2018,0.0,0.0,0.0,84.0,16.0,0.0,0.0
3.2,39.4,tp_rollingmax,0.95,0.1403252548921342,0.15,pei_90,2018-0132-KEN,KEN,Flood,2018-03-14,2018-05-31,102,40,pei_90,tp_rollingmax,2018,0.0,0.0,0.2439024390243902,63.02073170731708,36.72439024390244,0.0109756097560975,0.0
2.1,42.2,tp_rollingmax,0.95,0.0544753648875388,0.15,pei_90,2018-0133-SOM,SOM,Flood,2018-04-01,2018-05-31,103,40,pei_90,tp_rollingmax,2018,0.2097560975609756,0.0,54.50121951219512,35.739024390243905,8.981707317073171,0.5682926829268292,0.0
22.1,88.0,tp_rollingmax,0.95,0.0437407955640315,0.15,pei_90,2018-0149-IND,IND,Storm,2018-05-13,2018-05-16,400,40,pei_90,tp_rollingmax,2018,0.0,0.0772727272727272,85.79318181818182,2.988636363636364,0.0,0.0,11.14090909090909
16.3,73.5,tp_rollingmax,0.95,0.0679773524927237,0.15,pei_30,2018-0199-IND,IND,Storm,2018-06-01,2018-06-06,404,40,pei_30,tp_rollingmax,2018,0.0,0.0,54.96495327102804,44.75350467289719,0.0,0.2815420560747663,0.0
26.0,93.9,tp_rollingmax,0.95,0.0883483555124539,0.15,pei_90,2018-0202-IND,IND,Storm,2018-06-08,2018-06-12,405,40,pei_90,tp_rollingmax,2018,0.0,0.0,94.89519650655022,1.8111353711790392,0.0,3.2936681222707422,0.0
21.8,92.1,tp_rollingmax,0.95,0.1539265798868989,0.15,pei_90,2018-0203-BGD,BGD,Flood,2018-06-05,2018-06-14,104,40,pei_90,tp_rollingmax,2018,0.0,0.4056818181818182,62.638636363636365,16.31590909090909,8.861363636363636,10.507954545454544,1.2704545454545455
18.9,95.1,tp_rollingmax,0.95,0.105703487967047,0.15,pei_90,2018-0203-MMR,MMR,Flood,2018-06-05,2018-06-14,105,40,pei_90,tp_rollingmax,2018,0.0,0.0,95.68004587155964,2.528669724770642,0.0,0.4587155963302752,1.3325688073394495
22.7,74.3,tp_rollingmax,0.95,0.1976721216425593,0.15,pei_30,2018-0205-IND,IND,Flood,2018-06-22,2018-07-03,106,40,pei_30,tp_rollingmax,2018,0.0,0.2791479820627802,76.42264573991031,19.119955156950677,0.9147982062780268,0.0426008968609865,3.2208520179372195
24.3,87.8,tp_rollingmax,0.95,0.028977437887264,0.15,pei_90,2018-0209-IND,IND,Storm,2018-05-06,2018-05-09,406,40,pei_90,tp_rollingmax,2018,0.4746136865342163,1.533112582781457,93.15673289183223,4.835540838852097,0.0,0.0,0.0
21.7,108.4,tp_rollingmax,0.95,0.0478908919758554,0.15,pei_90,2018-0211-CHN,CHN,Flood,2018-05-07,2018-05-14,107,40,pei_90,tp_rollingmax,2018,0.0,7.5011363636363635,45.38068181818182,21.81022727272727,0.4431818181818182,5.2488636363636365,19.61590909090909
22.9,84.7,tp_rollingmax,0.95,0.0346288927068947,0.15,pei_90,2018-0214-IND,IND,Storm,2018-05-28,2018-05-28,407,40,pei_90,tp_rollingmax,2018,0.0,0.0,98.31614349775784,1.4327354260089686,0.0,0.2511210762331838,0.0
13.8,13.6,tp_rollingmax,0.95,0.053363330524342,0.15,pei_90,2018-0232-NER,NER,Flood,2018-06-01,2018-08-31,111,40,pei_90,tp_rollingmax,2018,0.0,0.0,6.577830188679245,73.02594339622641,19.170990566037737,1.1238207547169812,0.1014150943396226
48.4,25.9,tp_rollingmax,0.95,0.0439984061588723,0.15,pei_30,2018-0248-UKR,UKR,Storm,2018-06-28,2018-06-30,408,40,pei_30,tp_rollingmax,2018,0.0,3.102750809061489,89.84061488673139,2.870550161812298,0.0,3.629449838187702,0.5566343042071198
49.2,107.6,tp_rollingmax,0.95,0.042351044158519,0.15,pei_30,2018-0249-MNG,MNG,Flood,2018-07-03,2018-07-05,112,40,pei_30,tp_rollingmax,2018,1.7753968253968253,0.0,2.605555555555556,75.68888888888888,0.0,19.93015873015873,0.0
29.7,78.2,tp_rollingmax,0.95,0.1462225524630975,0.15,pei_90,2018-0267-IND,IND,Flood,2018-07-26,2018-07-28,113,40,pei_90,tp_rollingmax,2018,0.5274261603375527,0.0158227848101265,86.55907172995781,7.561181434599156,0.1856540084388185,0.4335443037974683,4.717299578059071
15.5,36.6,tp_rollingmax,0.95,0.0291893161493552,0.15,pei_90,2018-0292-SDN,SDN,Flood,2018-07-23,2018-07-30,114,40,pei_90,tp_rollingmax,2018,0.0,0.0,8.977803738317757,90.94742990654206,0.0747663551401869,0.0,0.0
42.3,3.2,tp_rollingmax,0.95,0.0426304270741178,0.15,pei_90,2018-0361-ESP,ESP,Flood,2018-10-09,2018-10-11,115,40,pei_90,tp_rollingmax,2018,0.0,4.89426523297491,24.434587813620077,28.52867383512545,28.770609318996417,11.454301075268818,1.917562724014337
43.4,3.0,tp_rollingmax,0.95,0.1070469406275466,0.15,pei_90,2018-0375-FRA,FRA,Flood,2018-10-14,2018-10-15,117,40,pei_90,tp_rollingmax,2018,0.0,1.7606382978723405,73.83421985815603,9.934397163120568,7.50354609929078,6.967198581560283,0.0
39.9,-8.6,tp_rollingmax,0.95,0.0308257519171954,0.15,pei_90,2018-0376-PRT,PRT,Storm,2018-10-14,2018-10-16,409,40,pei_90,tp_rollingmax,2018,0.0,4.026119402985074,51.76119402985075,30.40951492537313,0.6875,13.115671641791044,0.0
36.7,51.1,tp_rollingmax,0.95,0.184270103156876,0.15,pei_90,2018-0383-IRN,IRN,Flood,2018-10-05,2018-10-06,118,40,pei_90,tp_rollingmax,2018,1.7323529411764709,1.392156862745098,55.05686274509804,15.45392156862745,0.0,15.298039215686275,11.066666666666666
44.9,39.7,tp_rollingmax,0.95,0.0799169937803524,0.15,pei_90,2018-0407-RUS,RUS,Flood,2018-10-24,2018-10-26,123,40,pei_90,tp_rollingmax,2018,0.0,0.0163511187607573,79.8407917383821,6.913941480206541,0.1273666092943201,12.236660929432016,0.8648881239242685
-23.7,-67.5,tp_rollingmax,0.95,0.0684062139919322,0.15,pei_90,2019-0091-CHL,CHL,Flood,2019-02-01,2019-02-10,131,40,pei_90,tp_rollingmax,2019,12.966517857142858,0.0,0.0,73.140625,13.803571428571429,0.0892857142857142,0.0
-22.0,30.9,tp_rollingmax,0.95,0.0764319511368381,0.15,pei_90,2019-0094-ZWE,ZWE,Flood,2019-02-11,2019-02-18,132,40,pei_90,tp_rollingmax,2019,0.0,0.0,0.0,35.867045454545455,57.88636363636363,6.2465909090909095,0.0
-28.2,26.3,tp_rollingmax,0.95,0.0439340763600435,0.15,pei_90,2019-0176-ZAF,ZAF,Flood,2019-04-21,2019-04-25,133,40,pei_90,tp_rollingmax,2019,0.0,0.0,97.17703862660944,0.76931330472103,0.0,0.4849785407725321,1.5686695278969958
1.4,32.9,tp_rollingmax,0.95,0.0482451562763557,0.15,pei_30,2019-0179-UGA,UGA,Flood,2019-04-22,2019-04-23,134,40,pei_30,tp_rollingmax,2019,0.0,0.0,68.57682926829268,2.820731707317073,0.4780487804878048,13.17560975609756,14.948780487804878
6.9,124.4,tp_rollingmax,0.95,0.0440816053493609,0.15,pei_90,2019-0264-PHL,PHL,Flood,2019-06-03,2019-06-23,141,40,pei_90,tp_rollingmax,2019,0.0,0.0768292682926829,85.42560975609756,2.0841463414634145,0.0,12.413414634146342,0.0
10.5,24.5,tp_rollingmax,0.95,0.0367304463204278,0.15,pei_90,2019-0280-SDN,SDN,Flood,2019-06-08,2019-06-18,142,40,pei_90,tp_rollingmax,2019,0.0,0.0,26.1875,49.19591346153846,23.79326923076923,0.8233173076923077,0.0
4.4,33.8,tp_rollingmax,0.95,0.047871254572897,0.15,pei_90,2019-0285-SSD,SSD,Flood,2019-06-05,2019-06-07,143,40,pei_90,tp_rollingmax,2019,0.0,0.0,30.864634146341466,24.33048780487805,38.76341463414634,6.041463414634146,0.0
18.8,73.5,tp_rollingmax,0.95,0.1173206957781366,0.15,pei_90,2019-0288-IND,IND,Flood,2019-06-28,2019-07-04,144,40,pei_90,tp_rollingmax,2019,0.0,0.0,49.64678899082569,32.47935779816514,0.5802752293577982,4.037844036697248,13.255733944954128
18.2,73.1,tp_rollingmax,0.95,0.0507990437723515,0.15,pei_30,2019-0321-IND,IND,Storm,2019-06-06,2019-06-14,413,40,pei_30,tp_rollingmax,2019,0.0,0.0,48.69266055045872,31.990825688073397,1.0928899082568808,3.1158256880733943,15.107798165137616
30.2,68.1,tp_rollingmax,0.95,0.2270526506543526,0.15,pei_30,2019-0346-PAK,PAK,Flood,2019-07-16,2019-07-28,145,40,pei_30,tp_rollingmax,2019,15.686974789915968,0.0,0.0,83.85924369747899,0.4201680672268907,0.0336134453781512,0.0
24.9,66.8,tp_rollingmax,0.95,0.0562057266286788,0.15,pei_90,2019-0372-PAK,PAK,Flood,2019-07-29,2019-07-31,146,40,pei_90,tp_rollingmax,2019,3.026431718061674,0.1662995594713656,20.373348017621144,74.1079295154185,2.3259911894273126,0.0,0.0
26.3,67.9,tp_rollingmax,0.95,0.0881405442888055,0.15,pei_90,2019-0386-PAK,PAK,Flood,2019-08-09,2019-08-12,147,40,pei_90,tp_rollingmax,2019,14.693478260869565,0.0130434782608695,52.79347826086956,21.669565217391305,2.417391304347826,0.0,8.41304347826087
48.4,6.2,tp_rollingmax,0.95,0.0310901512558743,0.15,pei_30,2019-0388-FRA,FRA,Storm,2019-08-09,2019-08-09,414,40,pei_30,tp_rollingmax,2019,0.0,0.3276699029126214,52.81472491909385,34.18446601941748,0.0655339805825242,12.161812297734627,0.4457928802588997
16.0,36.0,tp_rollingmax,0.95,0.0684079988103936,0.15,pei_90,2019-0392-SDN,SDN,Flood,2019-07-01,2019-09-06,148,40,pei_90,tp_rollingmax,2019,13.728971962616823,0.0,2.336448598130841,83.39252336448598,0.5420560747663551,0.0,0.0
37.5,-1.7,tp_rollingmax,0.95,0.1712603607685928,0.15,pei_90,2019-0413-ESP,ESP,Flood,2019-09-11,2019-09-16,149,40,pei_90,tp_rollingmax,2019,6.9652509652509655,0.0,47.8957528957529,38.99034749034749,5.774131274131274,0.3745173745173745,0.0
32.5,-94.7,tp_rollingmax,0.95,0.0484258651619501,0.15,pei_30,2019-0417-USA,USA,Storm,2019-09-17,2019-09-21,417,40,pei_30,tp_rollingmax,2019,0.806910569105691,28.771341463414632,1.7916666666666667,49.82520325203252,0.0,18.804878048780488,0.0
-6.9,37.6,tp_rollingmax,0.95,0.0495935756483891,0.15,pei_90,2019-0496-TZA,TZA,Flood,2019-10-02,2019-10-16,158,40,pei_90,tp_rollingmax,2019,0.0,0.0792682926829268,58.28780487804878,14.892682926829268,8.548780487804878,15.38658536585366,2.804878048780488
4.1,41.8,tp_rollingmax,0.95,0.0689244630573859,0.15,pei_90,2019-0500-ETH,ETH,Flood,2019-10-01,2019-10-13,160,40,pei_90,tp_rollingmax,2019,0.0,0.0,0.0,99.41463414634148,0.5853658536585366,0.0,0.0
5.0,46.2,tp_rollingmax,0.95,0.0340076417911913,0.15,pei_90,2019-0500-SOM,SOM,Flood,2019-10-01,2019-10-15,161,40,pei_90,tp_rollingmax,2019,0.0,0.0,0.0,85.6,14.4,0.0,0.0
44.2,4.2,tp_rollingmax,0.95,0.0792790070782557,0.15,pei_90,2019-0505-FRA,FRA,Flood,2019-10-21,2019-10-24,162,40,pei_90,tp_rollingmax,2019,0.0,1.3146853146853146,74.5979020979021,10.016608391608392,4.050699300699301,9.819055944055943,0.201048951048951
23.8,-98.1,tp_rollingmax,0.95,0.2087700059074272,0.15,pei_30,2019-0519-MEX,MEX,Storm,2019-09-05,2019-09-06,418,40,pei_30,tp_rollingmax,2019,0.0,0.0,79.74107142857143,1.8560267857142856,1.28125,15.012276785714286,2.109375
46.6,-0.3,tp_rollingmax,0.95,0.0358614407154262,0.15,pei_90,2019-0533-FRA,FRA,Storm,2019-10-28,2019-11-03,420,40,pei_90,tp_rollingmax,2019,0.0,0.4866666666666667,25.614166666666662,69195,0.0,4.703333333333333,0.0008333333333333
-28.2,30.6,tp_rollingmax,0.95,0.0525688705696568,0.15,pei_30,2019-0548-ZAF,ZAF,Storm,2019-11-11,2019-11-12,421,40,pei_30,tp_rollingmax,2019,0.0922746781115879,0.0,22.17274678111588,70.72424892703863,0.0858369098712446,6.924892703862661,0.0
-19.0,44.6,tp_rollingmax,0.95,0.1255430358973095,0.15,pei_90,2019-0601-MDG,MDG,Storm,2019-12-09,2019-12-10,423,40,pei_90,tp_rollingmax,2019,0.0,0.0,0.0,86.51834862385321,0.0,12.988532110091745,0.4931192660550458
-25.4,28.2,tp_rollingmax,0.95,0.1034926356077503,0.15,pei_90,2019-0607-ZAF,ZAF,Flood,2019-12-02,2019-12-11,167,40,pei_90,tp_rollingmax,2019,0.0,16.593201754385966,1.5635964912280702,71.49013157894737,10.072368421052632,0.2807017543859649,0.0
31.1,110.4,tp_rollingmax,0.95,0.0445137157245617,0.15,pei_30,2019-0611-CHN,CHN,Flood,2019-10-15,2019-10-25,168,40,pei_30,tp_rollingmax,2019,0.0,0.0,60.01260504201681,22.706932773109244,0.0,17.099789915966387,0.180672268907563
-16.6,39.1,tp_rollingmax,0.95,0.0587932254774522,0.15,pei_90,2019-0633-MOZ,MOZ,Flood,2019-12-27,2020-01-23,171,40,pei_90,tp_rollingmax,2019,0.0,0.0,71.76976744186047,16.674418604651162,0.3069767441860465,11.248837209302325,0.0
-34.2,150.6,tp_rollingmax,0.95,0.2034244745624968,0.15,pei_90,2020-0053-AUS,AUS,Flood,2020-02-04,2020-02-11,180,40,pei_90,tp_rollingmax,2020,0.0,5.3805220883534135,1.426706827309237,64.28413654618474,10.676706827309236,18.207831325301203,0.0240963855421686
6.8,-73.0,tp_rollingmax,0.95,0.0361161650588621,0.15,pei_30,2020-0071-COL,COL,Flood,2020-02-26,2020-02-27,182,40,pei_30,tp_rollingmax,2020,0.0,1.681707317073171,2.3146341463414632,85.48780487804878,4.1865853658536585,6.329268292682927,0.0
-29.6,-66.2,tp_rollingmax,0.95,0.0700523033694972,0.15,pei_90,2020-0092-ARG,ARG,Flood,2020-02-11,2020-02-19,183,40,pei_90,tp_rollingmax,2020,1.8625792811839323,0.0,0.2114164904862579,82.55602536997885,15.369978858350953,0.0,0.0
14.9,-89.5,tp_rollingmax,0.95,0.0747864050033158,0.15,pei_30,2020-0183-GTM,GTM,Flood,2020-05-09,2020-05-11,188,40,pei_30,tp_rollingmax,2020,0.0,0.5771028037383178,24.18808411214953,61.26401869158879,0.0,13.970794392523365,0.0
18.2,98.6,tp_rollingmax,0.95,0.0777082965263672,0.15,pei_30,2020-0199-THA,THA,Storm,2020-04-29,2020-05-09,427,40,pei_30,tp_rollingmax,2020,0.0,0.0837155963302752,73.99311926605505,13.064220183486238,0.0,12.85894495412844,0.0
14.6,121.2,tp_rollingmax,0.95,0.1769520010467456,0.15,pei_30,2020-0203-PHL,PHL,Storm,2020-05-15,2020-05-17,428,40,pei_30,tp_rollingmax,2020,0.0,13.449766355140186,56.22780373831776,14.282710280373832,0.0,16.039719626168225,0.0
22.3,-80.0,tp_rollingmax,0.95,0.0695858445801008,0.15,pei_90,2020-0207-CUB,CUB,Storm,2020-05-25,2020-05-26,429,40,pei_90,tp_rollingmax,2020,0.0,0.0,73.29638009049773,12.675339366515836,0.0,13.639140271493211,0.3891402714932127
19.1,73.1,tp_rollingmax,0.95,0.1254867274945326,0.15,pei_30,2020-0217-IND,IND,Storm,2020-06-03,2020-06-03,430,40,pei_30,tp_rollingmax,2020,0.0,26.80963302752293,57.3211009174312,15.426605504587156,0.0,0.146788990825688,0.2958715596330275
14.5,-89.8,tp_rollingmax,0.95,0.088379211542693,0.15,pei_90,2020-0218-GTM,GTM,Storm,2020-05-30,2020-05-31,431,40,pei_90,tp_rollingmax,2020,0.0,0.5327102803738317,8.110981308411215,75.28504672897196,0.0747663551401869,15.996495327102805,0.0
14.1,-87.2,tp_rollingmax,0.95,0.0373501903477817,0.15,pei_90,2020-0218-HND,HND,Storm,2020-05-30,2020-05-31,432,40,pei_90,tp_rollingmax,2020,0.0,70.04460093896714,5.334507042253521,16.853286384976524,0.0316901408450704,7.735915492957746,0.0
18.1,-91.3,tp_rollingmax,0.95,0.3732799345782701,0.15,pei_90,2020-0219-MEX,MEX,Storm,2020-06-03,2020-06-03,434,40,pei_90,tp_rollingmax,2020,0.0,0.0,62.1705069124424,25.23502304147465,0.0,12.59447004608295,0.0
16.2,-90.4,tp_rollingmax,0.95,0.0443571397171967,0.15,pei_90,2020-0264-GTM,GTM,Flood,2020-06-17,2020-06-17,194,40,pei_90,tp_rollingmax,2020,0.0,0.0,63.72780373831776,18.35280373831776,0.0,17.51752336448598,0.4018691588785046
-28.4,-52.1,tp_rollingmax,0.95,0.1075562502877161,0.15,pei_90,2020-0270-BRA,BRA,Storm,2020-06-30,2020-07-01,436,40,pei_90,tp_rollingmax,2020,0.0,0.0,46.011802575107296,38.56008583690987,0.0,15.370171673819742,0.0579399141630901
50.4,19.7,tp_rollingmax,0.95,0.0258345243020661,0.15,pei_90,2020-0273-POL,POL,Flood,2020-06-29,2020-07-05,195,40,pei_90,tp_rollingmax,2020,0.0,1.5846273291925466,70.2111801242236,9.83307453416149,0.0,18.15217391304348,0.2189440993788819
47.5,26.1,tp_rollingmax,0.95,0.0276974310248522,0.15,pei_90,2020-0286-ROU,ROU,Flood,2020-06-10,2020-06-26,197,40,pei_90,tp_rollingmax,2020,0.0,7.128289473684211,79.45559210526316,10.431743421052632,0.0855263157894736,2.898848684210526,0.0
11.7,23.1,tp_rollingmax,0.95,0.2196943518771003,0.15,pei_90,2020-0305-SDN,SDN,Flood,2020-06-01,2020-09-09,200,40,pei_90,tp_rollingmax,2020,0.0,0.0,97.31042654028435,1.253554502369668,1.3317535545023698,0.1042654028436018,0.0
19.6,-70.0,tp_rollingmax,0.95,0.0970911337624497,0.15,pei_30,2020-0312-DOM,DOM,Storm,2020-07-31,2020-08-02,439,40,pei_30,tp_rollingmax,2020,0.0,0.0,27.94977168949772,54.70662100456621,0.0,17.34360730593607,0.0
25.3,-100.7,tp_rollingmax,0.95,0.1337085173873053,0.15,pei_90,2020-0316-MEX,MEX,Storm,2020-07-25,2020-07-26,440,40,pei_90,tp_rollingmax,2020,0.0,0.0,30.176211453744493,52.44823788546256,5.157488986784141,12.21806167400881,0.0
49.2,111.9,tp_rollingmax,0.95,0.0256237753718254,0.15,pei_90,2020-0324-MNG,MNG,Flood,2020-07-02,2020-07-04,203,40,pei_90,tp_rollingmax,2020,0.0,0.0,21.734126984126984,74.37619047619047,0.0,3.88968253968254,0.0
13.9,1.1,tp_rollingmax,0.95,0.1558950872432018,0.15,pei_90,2020-0336-NER,NER,Flood,2020-07-01,2020-09-10,206,40,pei_90,tp_rollingmax,2020,10.539906103286384,0.2593896713615023,27.022300469483568,61.69014084507042,0.488262910798122,0.0,0.0
25.2,70.5,tp_rollingmax,0.95,0.2004443059876852,0.15,pei_90,2020-0357-PAK,PAK,Flood,2020-08-01,2020-09-15,207,40,pei_90,tp_rollingmax,2020,1.3259911894273129,0.2940528634361233,40.12665198237885,55.41629955947136,2.8370044052863435,0.0,0.0
18.2,-73.9,tp_rollingmax,0.95,0.1357675685076778,0.15,pei_90,2020-0376-HTI,HTI,Storm,2020-08-23,2020-08-23,443,40,pei_90,tp_rollingmax,2020,0.0,0.3222477064220183,75.35665137614679,18.62844036697248,0.9438073394495412,4.748853211009174,0.0
44.4,6.8,tp_rollingmax,0.95,0.0833481729629736,0.15,pei_90,2020-0418-FRA,FRA,Storm,2020-10-02,2020-10-04,444,40,pei_90,tp_rollingmax,2020,19.57391304347826,0.0,0.0,61.557391304347824,0.0,18.84695652173913,0.0217391304347826
34.8,9.8,tp_rollingmax,0.95,0.0663897519061735,0.15,pei_90,2020-0440-TUN,TUN,Flood,2020-09-05,2020-09-12,213,40,pei_90,tp_rollingmax,2020,15.26984126984127,0.0,83.03571428571429,1.6944444444444444,0.0,0.0,0.0
11.9,9.8,tp_rollingmax,0.95,0.2188712357559716,0.15,pei_90,2020-0455-NGA,NGA,Flood,2020-06-24,2020-10-31,214,40,pei_90,tp_rollingmax,2020,0.0,0.0,82.89691943127963,17.082938388625593,0.0,0.0201421800947867,0.0
43.8,3.8,tp_rollingmax,0.95,0.0857254180829287,0.15,pei_90,2020-0459-FRA,FRA,Flood,2020-09-19,2020-09-19,216,40,pei_90,tp_rollingmax,2020,0.0,0.0,43.374119718309856,19.88732394366197,18.87411971830986,17.864436619718308,0.0
-28.8,28.0,tp_rollingmax,0.95,0.0547030087558279,0.15,pei_90,2020-0489-ZAF,ZAF,Storm,2020-11-17,2020-11-21,446,40,pei_90,tp_rollingmax,2020,0.0,0.1062231759656652,57.69849785407725,33.74570815450644,1.8583690987124464,6.5912017167381975,0.0
48.2,100.8,tp_rollingmax,0.95,0.1090602760609048,0.15,pei_30,2020-0602-MNG,MNG,Flood,2020-07-08,2020-08-15,223,40,pei_30,tp_rollingmax,2020,7.469155844155843,0.0,24.42207792207792,65.92938311688312,0.0,2.179383116883117,0.0
-28.5,19.1,tp_rollingmax,0.95,0.092173150550087,0.15,pei_30,2021-0013-NAM,NAM,Flood,2021-01-01,2021-01-14,227,40,pei_30,tp_rollingmax,2021,0.1845493562231759,0.0,0.0,98.71673819742487,1.098712446351931,0.0,0.0
-25.6,-56.5,tp_rollingmax,0.95,0.0481383854896864,0.15,pei_90,2021-0067-PRY,PRY,Flood,2021-01-31,2021-02-02,230,40,pei_90,tp_rollingmax,2021,0.0,0.0655021834061135,7.010917030567685,70.80458515283843,14.16812227074236,7.948689956331878,0.0021834061135371
-34.6,-70.5,tp_rollingmax,0.95,0.069258683069763,0.15,pei_30,2021-0069-CHL,CHL,Storm,2021-01-29,2021-02-02,450,40,pei_30,tp_rollingmax,2021,12161,0.0,0.0,37332,6816,8,683
-28.6,31.9,tp_rollingmax,0.95,0.0586514511552136,0.15,pei_30,2021-0075-ZAF,ZAF,Flood,2021-02-01,2021-02-15,231,40,pei_30,tp_rollingmax,2021,0.0,0.0,37.68347639484978,26.88519313304721,18.86051502145923,16.570815450643778,0.0
-29.2,-65.6,tp_rollingmax,0.95,0.0429643772599777,0.15,pei_90,2021-0140-ARG,ARG,Flood,2021-03-01,2021-03-01,233,40,pei_90,tp_rollingmax,2021,0.2136752136752136,0.0,0.2136752136752136,45.72649572649573,43.69017094017094,9.88034188034188,0.2756410256410256
-0.4,35.7,tp_rollingmax,0.95,0.168176602139766,0.15,pei_90,2021-0227-KEN,KEN,Flood,2021-04-07,2021-05-30,237,40,pei_90,tp_rollingmax,2021,0.0,0.0,77.26463414634146,6.70609756097561,0.1573170731707317,15.871951219512194,0.0
9.8,43.5,tp_rollingmax,0.95,0.0402569078989614,0.15,pei_30,2021-0239-SOM,SOM,Flood,2021-05-01,2021-05-31,238,40,pei_30,tp_rollingmax,2021,0.0,0.0,61.54206730769231,38.16947115384615,0.2884615384615384,0.0,0.0
2.2,34.2,tp_rollingmax,0.95,0.0872265558988171,0.15,pei_90,2021-0240-UGA,UGA,Flood,2021-05-06,2021-05-10,239,40,pei_90,tp_rollingmax,2021,0.0,0.0,0.5975609756097561,77.24268292682927,17.409756097560976,4.75,0.0
13.6,43.6,tp_rollingmax,0.95,0.0760212933249674,0.15,pei_30,2021-0270-YEM,YEM,Flood,2021-05-01,2021-05-17,240,40,pei_30,tp_rollingmax,2021,8.90566037735849,0.0,0.4716981132075472,76.33962264150944,14.283018867924527,0.0,0.0
16.5,-96.2,tp_rollingmax,0.95,0.0434212063364343,0.15,pei_30,2021-0274-MEX,MEX,Storm,2021-05-16,2021-05-18,456,40,pei_30,tp_rollingmax,2021,0.0,0.0,2.7906976744186047,60.58139534883721,23.246511627906976,13.38139534883721,0.0
22.9,89.0,tp_rollingmax,0.95,0.0354062858085965,0.15,pei_90,2021-0295-BGD,BGD,Storm,2021-05-25,2021-05-29,457,40,pei_90,tp_rollingmax,2021,0.0,0.0,89.55156950672645,2.995515695067265,0.0,0.2219730941704036,7.230941704035874
20.7,86.9,tp_rollingmax,0.95,0.2488076141761138,0.15,pei_90,2021-0295-IND,IND,Storm,2021-05-25,2021-05-29,458,40,pei_90,tp_rollingmax,2021,0.0,0.0,38.002272727272725,33.43409090909091,9.165909090909093,6.822727272727272,12575
16.8,-95.1,tp_rollingmax,0.95,0.1358065746510069,0.15,pei_90,2021-0325-MEX,MEX,Storm,2021-06-18,2021-06-20,459,40,pei_90,tp_rollingmax,2021,0.0,2.4097222222222223,56.47800925925926,24.15625,0.037037037037037,16.91898148148148,0.0
19.8,-105.2,tp_rollingmax,0.95,0.2247024153983844,0.15,pei_90,2021-0359-MEX,MEX,Storm,2021-06-25,2021-06-30,462,40,pei_90,tp_rollingmax,2021,0.0,0.0,75.67579908675799,11.189497716894977,0.0,13.134703196347033,0.0
18.4,-71.4,tp_rollingmax,0.95,0.0286021228562017,0.15,pei_30,2021-0373-DOM,DOM,Storm,2021-07-03,2021-07-03,465,40,pei_30,tp_rollingmax,2021,0.0,0.1077981651376146,33.40137614678899,52.59862385321101,13.431192660550458,0.4610091743119266,0.0
12.5,17.5,tp_rollingmax,0.95,0.0521050370687444,0.15,pei_90,2021-0382-TCD,TCD,Flood,2021-06-26,2021-08-31,242,40,pei_90,tp_rollingmax,2021,0.0,0.0,99.188679245283,0.7075471698113207,0.0,0.1037735849056603,0.0
-42.4,-72.1,tp_rollingmax,0.95,0.0611243492407326,0.15,pei_90,2021-0392-CHL,CHL,Flood,2021-06-01,2021-06-02,243,40,pei_90,tp_rollingmax,2021,6.897849462365591,0.0,0.3109318996415771,48.736559139784944,0.0761648745519713,12.31899641577061,1.5519713261648749
33.4,71.1,tp_rollingmax,0.95,0.1925815738724239,0.15,pei_30,2021-0429-PAK,PAK,Storm,2021-07-19,2021-07-22,470,40,pei_30,tp_rollingmax,2021,0.0,0.0,72.4090909090909,26.98787878787879,0.0,0.603030303030303,0.0
33.3,-110.1,tp_rollingmax,0.95,0.0330634486858357,0.15,pei_30,2021-0442-USA,USA,Flood,2021-07-16,2021-07-21,244,40,pei_30,tp_rollingmax,2021,0.0,0.0,0.0,75.96153846153847,20.55566801619433,3.4827935222672064,0.0
15.4,43.3,tp_rollingmax,0.95,0.1176591453875119,0.15,pei_30,2021-0449-YEM,YEM,Flood,2021-07-16,2021-08-07,245,40,pei_30,tp_rollingmax,2021,16.81658878504673,0.0,73.30490654205607,7.539719626168225,0.8598130841121495,1.4789719626168225,0.0
34.2,72.9,tp_rollingmax,0.95,0.0719623357702702,0.15,pei_90,2021-0456-PAK,PAK,Flood,2021-07-28,2021-07-29,246,40,pei_90,tp_rollingmax,2021,0.0,0.0170682730923694,63.63855421686747,32.65963855421687,0.0,3.253012048192771,0.431726907630522
14.1,8.4,tp_rollingmax,0.95,0.0729369266231481,0.15,pei_90,2021-0461-NER,NER,Flood,2021-06-15,2021-08-31,247,40,pei_90,tp_rollingmax,2021,19.784037558685448,0.0,69.13145539906104,11.084507042253522,0.0,0.0,0.0
13.2,24.5,tp_rollingmax,0.95,0.0447973296979662,0.15,pei_90,2021-0473-SDN,SDN,Flood,2021-07-20,2021-09-24,248,40,pei_90,tp_rollingmax,2021,0.0,0.0,14.204009433962264,72.24882075471699,0.320754716981132,13.226415094339623,0.0
9.1,31.2,tp_rollingmax,0.95,0.1450021695021073,0.15,pei_90,2021-0481-SSD,SSD,Flood,2021-05-01,2021-10-07,249,40,pei_90,tp_rollingmax,2021,0.0,0.0,0.0,51.46739130434783,35.5012077294686,13.031400966183575,0.0
13.1,13.2,tp_rollingmax,0.95,0.1592646800791175,0.15,pei_90,2021-0521-NGA,NGA,Flood,2021-07-01,2021-08-31,250,40,pei_90,tp_rollingmax,2021,0.0,0.0,49.02948113207548,50.970518867924525,0.0,0.0,0.0
39.2,-1.1,tp_rollingmax,0.95,0.0964827463423052,0.15,pei_30,2021-0561-ESP,ESP,Flood,2021-08-29,2021-09-02,252,40,pei_30,tp_rollingmax,2021,0.348314606741573,0.3661048689138577,12.9625468164794,74.5374531835206,0.9400749063670412,10.786516853932584,0.0589887640449438
40.5,-105.1,tp_rollingmax,0.95,0.0660966305749983,0.15,pei_30,2021-0562-USA,USA,Flood,2021-07-30,2021-08-02,253,40,pei_30,tp_rollingmax,2021,0.3299256505576208,7.974907063197026,47.47211895910781,41.79832713754647,0.9609665427509294,0.1700743494423791,1.2936802973977697
36.5,4.4,tp_rollingmax,0.95,0.0404953795480158,0.15,pei_90,2021-0700-DZA,DZA,Flood,2021-10-23,2021-10-26,256,40,pei_90,tp_rollingmax,2021,0.0,0.4186274509803921,39.63725490196079,48.61078431372549,0.2294117647058823,11.10392156862745,0.0
-19.8,-50.7,tp_rollingmax,0.95,0.1064275074848812,0.15,pei_90,2021-0790-BRA,BRA,Flood,2021-11-15,2022-01-16,260,40,pei_90,tp_rollingmax,2021,0.0,0.0,36.077625570776256,62.54794520547945,0.136986301369863,1.2374429223744292,0.0
-17.9,-62.3,tp_rollingmax,0.95,0.1011438723615184,0.15,pei_90,2021-0834-BOL,BOL,Flood,2021-12-18,2022-01-05,262,40,pei_90,tp_rollingmax,2021,0.0,0.0,63.866359447004605,25.139400921658986,3.9942396313364057,7.0,0.0
32.1,75.2,tp_rollingmax,0.95,0.221486364695358,0.15,pei_90,2021-0846-PAK,PAK,Flood,2021-07-01,2021-09-30,263,40,pei_90,tp_rollingmax,2021,0.0,0.2329896907216495,96.35567010309278,2.0422680412371133,0.0,0.0391752577319587,1.3298969072164948
-22.5,-52.5,tp_rollingmax,0.95,0.1577842096072736,0.15,pei_30,2022-0065-BRA,BRA,Flood,2022-01-01,2022-02-04,266,40,pei_30,tp_rollingmax,2022,0.0,0.0,11.399774774774777,71.96621621621621,0.036036036036036,16.597972972972972,0.0
-23.7,45.4,tp_rollingmax,0.95,0.0659147053072461,0.15,pei_90,2022-0101-MDG,MDG,Storm,2022-02-23,2022-02-24,474,40,pei_90,tp_rollingmax,2022,0.0,0.0,0.2946428571428571,99.00669642857144,0.0,0.6986607142857143,0.0
7.8,-68.2,tp_rollingmax,0.95,0.1905739816860715,0.15,pei_90,2022-0250-VEN,VEN,Flood,2022-04-25,2022-06-29,267,40,pei_90,tp_rollingmax,2022,0.0,1.8463414634146345,62.09756097560975,18.39512195121951,0.0,17.660975609756097,0.0
16.3,-94.5,tp_rollingmax,0.95,0.2125785598935068,0.15,pei_90,2022-0333-MEX,MEX,Storm,2022-05-30,2022-05-31,476,40,pei_90,tp_rollingmax,2022,0.0,0.1635514018691588,57.04088785046729,26.598130841121492,0.0689252336448598,16.128504672897197,0.0
22.5,91.5,tp_rollingmax,0.95,0.1135962539980667,0.15,pei_90,2022-0340-BGD,BGD,Flood,2022-05-17,2022-09-30,270,40,pei_90,tp_rollingmax,2022,0.0,0.0,63.78378378378378,17.62837837837838,0.1959459459459459,12.1981981981982,6.193693693693693
22.3,-83.8,tp_rollingmax,0.95,0.0697726857971847,0.15,pei_90,2022-0366-CUB,CUB,Flood,2022-06-02,2022-06-06,272,40,pei_90,tp_rollingmax,2022,0.0,1.237556561085973,86.8054298642534,5.548642533936651,0.0,6.408371040723982,0.0
25.7,68.8,tp_rollingmax,0.95,0.2529380470470164,0.15,pei_30,2022-0405-PAK,PAK,Flood,2022-06-14,2022-09-14,273,40,pei_30,tp_rollingmax,2022,0.0,0.0,99.67248908296943,0.3275109170305676,0.0,0.0,0.0
34.2,71.1,tp_rollingmax,0.95,0.0491704739606354,0.15,pei_30,2022-0442-AFG,AFG,Flood,2022-06-30,2022-07-11,274,40,pei_30,tp_rollingmax,2022,2.8112449799196786,0.0,12.301204819277109,83.46787148594377,0.0321285140562249,0.0,1.3875502008032128
12.7,21.9,tp_rollingmax,0.95,0.1039481072325713,0.15,pei_90,2022-0445-SDN,SDN,Flood,2022-05-10,2022-09-30,276,40,pei_90,tp_rollingmax,2022,0.3042452830188679,0.0,79.58136792452831,19.54834905660377,0.0,0.5660377358490566,0.0
13.6,4.3,tp_rollingmax,0.95,0.1533588371963183,0.15,pei_90,2022-0446-NER,NER,Flood,2022-06-01,2022-09-30,277,40,pei_90,tp_rollingmax,2022,2.6367924528301887,0.0,72375,24.98820754716981,0.0,0.0,0.0
15.4,44.2,tp_rollingmax,0.95,0.0318663262988295,0.15,pei_90,2022-0456-YEM,YEM,Flood,2022-07-23,2022-08-05,279,40,pei_90,tp_rollingmax,2022,11.341121495327103,54.35747663551402,10.514018691588785,23.75,0.0373831775700934,0.0,0.0
53.0,103.5,tp_rollingmax,0.95,0.0401774530652033,0.15,pei_90,2022-0473-RUS,RUS,Flood,2022-07-22,2022-07-25,280,40,pei_90,tp_rollingmax,2022,0.1880466472303207,0.9912536443148688,56.56851311953353,15.66472303206997,1.2543731778425655,12.160349854227404,13.17274052478134
49.2,107.6,tp_rollingmax,0.95,0.0403489275768831,0.15,pei_30,2022-0497-MNG,MNG,Flood,2022-06-01,2022-07-26,281,40,pei_30,tp_rollingmax,2022,2.6222222222222222,0.0,2.761111111111111,74.92222222222222,0.0,19.694444444444443,0.0
15.7,43.5,tp_rollingmax,0.95,0.0943554627066127,0.15,pei_90,2022-0501-YEM,YEM,Flood,2022-08-03,2022-08-08,282,40,pei_90,tp_rollingmax,2022,16.80373831775701,0.0,30.257009345794398,44.84345794392523,0.9345794392523364,7.161214953271028,0.0
13.1,21.6,tp_rollingmax,0.95,0.1412418979445741,0.15,pei_90,2022-0509-TCD,TCD,Flood,2022-06-06,2022-10-31,283,40,pei_90,tp_rollingmax,2022,0.0,0.0,72.36910377358491,27.54127358490566,0.0,0.0896226415094339,0.0
33.1,69.4,tp_rollingmax,0.95,0.0379419309903102,0.15,pei_90,2022-0514-AFG,AFG,Flood,2022-08-16,2022-08-21,284,40,pei_90,tp_rollingmax,2022,0.0,0.0,9.784412955465587,89.22773279352226,0.0,0.9878542510121456,0.0
44.5,10.9,tp_rollingmax,0.95,0.1479294692649307,0.15,pei_30,2022-0525-ITA,ITA,Storm,2022-08-14,2022-08-18,478,40,pei_30,tp_rollingmax,2022,1.6493055555555556,5.795138888888889,79.45920138888889,10.85763888888889,0.0,2.2387152777777777,0.0
24.6,-100.5,tp_rollingmax,0.95,0.0777768276424571,0.15,pei_90,2022-0579-MEX,MEX,Flood,2022-09-03,2022-09-05,285,40,pei_90,tp_rollingmax,2022,0.0,0.448237885462555,0.0,84.07599118942731,15.185022026431716,0.2389867841409691,0.0517621145374449
43.7,12.5,tp_rollingmax,0.95,0.0288012669850394,0.15,pei_90,2022-0609-ITA,ITA,Flood,2022-09-15,2022-09-16,287,40,pei_90,tp_rollingmax,2022,0.3028169014084507,1.494718309859155,76.99295774647888,5.342429577464789,0.0,15.867077464788732,0.0
15.6,-4.5,tp_rollingmax,0.95,0.0928426812000313,0.15,pei_90,2022-0654-MLI,MLI,Flood,2022-07-01,2022-10-31,289,40,pei_90,tp_rollingmax,2022,5.088785046728972,0.0,10.86448598130841,79.8785046728972,4.168224299065421,0.0,0.0
48.3,3.2,tp_rollingmax,0.95,0.0266760250372519,0.15,pei_90,2022-0697-FRA,FRA,Storm,2022-10-23,2022-10-24,479,40,pei_90,tp_rollingmax,2022,0.0,2.720873786407767,80.14886731391586,3.2572815533980584,0.0,13.548543689320388,0.3244336569579288
-3.1,29.2,tp_rollingmax,0.95,0.0259658156513451,0.15,pei_30,2022-0746-COD,COD,Flood,2022-11-13,2022-11-16,291,40,pei_30,tp_rollingmax,2022,0.0,0.0,73.25121951219512,17.757317073170732,1.5573170731707318,7.432926829268292,0.0012195121951219
-1.8,14.7,tp_rollingmax,0.95,0.0694999000447797,0.15,pei_30,2022-0748-COG,COG,Flood,2022-09-01,2022-11-15,292,40,pei_30,tp_rollingmax,2022,0.0,0.0,3.9109756097560977,76.24878048780488,0.0792682926829268,19.7609756097561,0.0
-12.3,34.0,tp_rollingmax,0.95,0.1279136519237611,0.15,pei_30,2022-0843-MWI,MWI,Flood,2022-11-01,2023-01-15,294,40,pei_30,tp_rollingmax,2022,0.0,0.0,58.96919431279621,16.851895734597157,0.4917061611374407,13.635071090047392,10.0521327014218
-19.6,-61.9,tp_rollingmax,0.95,0.106299072740523,0.15,pei_30,2023-0055-BOL,BOL,Flood,2023-01-01,2023-03-16,295,40,pei_30,tp_rollingmax,2023,0.0,0.0,0.0,29.30593607305936,57.75799086757991,12.93607305936073,0.0
-1.3,-79.4,tp_rollingmax,0.95,0.2224989839295397,0.15,pei_30,2023-0126-ECU,ECU,Flood,2023-01-01,2023-04-23,296,40,pei_30,tp_rollingmax,2023,0.0,0.0,23.784146341463416,42.4,14.851219512195122,18.95853658536585,0.0060975609756097
-5.3,-79.9,tp_rollingmax,0.95,0.2141349756237651,0.15,pei_90,2023-0137-PER,PER,Flood,2023-01-01,2023-03-29,297,40,pei_90,tp_rollingmax,2023,3.214634146341464,1.2902439024390244,2.259756097560976,63.93292682926829,14.163414634146342,15.139024390243902,0.0
2.7,42.5,tp_rollingmax,0.95,0.0438024814207613,0.15,pei_30,2023-0172-SOM,SOM,Flood,2023-03-12,2023-03-24,298,40,pei_30,tp_rollingmax,2023,0.0,0.0,12.509756097560976,66.7329268292683,20.70609756097561,0.0512195121951219,0.0
7.4,39.1,tp_rollingmax,0.95,0.1925460450727445,0.15,pei_90,2023-0187-ETH,ETH,Flood,2023-03-25,2023-05-12,300,40,pei_90,tp_rollingmax,2023,0.0,0.0,47.93780487804878,26.52439024390244,15.096341463414634,10.441463414634146,0.0
1.3,35.3,tp_rollingmax,0.95,0.1933350904088777,0.15,pei_30,2023-0187-KEN,KEN,Flood,2023-03-25,2023-03-30,301,40,pei_30,tp_rollingmax,2023,0.0,0.0,20.742682926829268,51.04878048780488,10.852439024390245,17.35609756097561,0.0
8.2,99.9,tp_rollingmax,0.95,0.0277793991589898,0.15,pei_30,2023-0255-THA,THA,Storm,2023-04-23,2023-04-24,483,40,pei_30,tp_rollingmax,2023,0.0,0.758495145631068,81.67111650485437,1.2766990291262137,0.0,15.86771844660194,0.4259708737864077
21.8,103.4,tp_rollingmax,0.95,0.0532088588961928,0.15,pei_90,2023-0263-VNM,VNM,Flood,2023-04-28,2023-04-30,304,40,pei_90,tp_rollingmax,2023,0.0,0.0,54.742045454545455,24.49659090909091,2.3022727272727272,18.45909090909091,0.0
21.1,92.2,tp_rollingmax,0.95,0.1137345581396522,0.15,pei_30,2023-0294-BGD,BGD,Storm,2023-05-13,2023-05-14,485,40,pei_30,tp_rollingmax,2023,0.0,0.0,41.72840909090909,26.28068181818182,1.5329545454545457,15.157954545454546,15.3
24.6,94.1,tp_rollingmax,0.95,0.0419871675425613,0.15,pei_30,2023-0294-IND,IND,Storm,2023-05-14,2023-05-14,486,40,pei_30,tp_rollingmax,2023,0.0,0.5859030837004405,42.13546255506608,42.08920704845815,0.0352422907488986,15.154185022026432,0.0
21.4,94.2,tp_rollingmax,0.95,0.2263290003226862,0.15,pei_30,2023-0294-MMR,MMR,Storm,2023-05-14,2023-05-15,487,40,pei_30,tp_rollingmax,2023,0.0,0.0,45.03977272727273,37.32159090909091,0.0,17.638636363636362,0.0
4.6,45.5,tp_rollingmax,0.95,0.0295333885256836,0.15,pei_90,2023-0295-SOM,SOM,Flood,2023-04-01,2023-05-15,305,40,pei_90,tp_rollingmax,2023,0.0,0.0,0.0,84.29268292682927,15.648780487804878,0.0585365853658536,0.0
14.2,-91.0,tp_rollingmax,0.95,0.1752331341920694,0.15,pei_90,2023-0365-GTM,GTM,Flood,2023-05-01,2023-10-11,306,40,pei_90,tp_rollingmax,2023,0.0,0.0,57.23826291079812,30.90023474178404,0.0375586854460093,11.82394366197183,0.0
32.9,73.9,tp_rollingmax,0.95,0.0832991956535275,0.15,pei_90,2023-0428-PAK,PAK,Flood,2023-06-25,2023-09-07,308,40,pei_90,tp_rollingmax,2023,0.0,0.2186234817813765,99.08906882591091,0.6923076923076923,0.0,0.0,0.0
13.9,1.1,tp_rollingmax,0.95,0.0434933887384359,0.15,pei_90,2023-0457-NER,NER,Flood,2023-07-01,2023-10-15,310,40,pei_90,tp_rollingmax,2023,10.539906103286384,0.2593896713615023,27.022300469483568,61.69014084507042,0.488262910798122,0.0,0.0
39.7,115.6,tp_rollingmax,0.95,0.2093941881619181,0.15,pei_90,2023-0503-CHN,CHN,Flood,2023-08-01,2023-08-09,311,40,pei_90,tp_rollingmax,2023,0.0,0.0,2.72294776119403,82.44496268656717,0.0,14.832089552238806,0.0
38.9,69.7,tp_rollingmax,0.95,0.0366284505159461,0.15,pei_30,2023-0570-TJK,TJK,Flood,2023-08-27,2023-08-30,312,40,pei_30,tp_rollingmax,2023,1.7924528301886793,0.0,34.26981132075472,63.72830188679245,0.030188679245283,0.1188679245283018,0.060377358490566
16.3,-13.7,tp_rollingmax,0.95,0.0606372034408207,0.15,pei_90,2023-0579-MRT,MRT,Flood,2023-07-30,2023-07-31,313,40,pei_90,tp_rollingmax,2023,12.02570093457944,0.5899532710280374,0.2336448598130841,86.5338785046729,0.616822429906542,0.0,0.0
39.2,-1.0,tp_rollingmax,0.95,0.0989663375095579,0.15,pei_30,2023-0581-ESP,ESP,Flood,2023-09-02,2023-09-04,315,40,pei_30,tp_rollingmax,2023,0.0,0.1891385767790262,5.435393258426966,81.96816479400749,0.4559925093632959,10.823033707865168,1.1282771535580525
39.2,22.1,tp_rollingmax,0.95,0.2701535586739921,0.15,pei_30,2023-0582-GRC,GRC,Flood,2023-09-04,2023-09-07,317,40,pei_30,tp_rollingmax,2023,0.2808988764044944,0.4868913857677903,69.41479400749064,14.80992509363296,5.117041198501872,9.890449438202246,0.0
9.1,46.0,tp_rollingmax,0.95,0.153219103203782,0.15,pei_30,2023-0741-SOM,SOM,Flood,2023-09-01,2023-11-20,321,40,pei_30,tp_rollingmax,2023,2.5966183574879227,0.0,0.0,82.33333333333333,15.06400966183575,0.0060386473429951,0.0
-20.4,-64.8,tp_rollingmax,0.95,0.0341371803674937,0.15,pei_90,2023-0783-BOL,BOL,Flood,2023-12-10,2023-12-13,323,40,pei_90,tp_rollingmax,2023,2.638636363636364,0.0,2.5534090909090907,75875,13.423863636363636,5.509090909090909,0.0
-6.7,108.1,tp_rollingmax,0.95,0.0252261285937718,0.15,pei_90,2023-0803-IDN,IDN,Flood,2023-11-24,2023-11-27,325,40,pei_90,tp_rollingmax,2023,0.6292682926829268,18.17560975609756,70.38780487804878,5.739024390243903,0.0,5.068292682926829,0.0
-4.9,29.7,tp_rollingmax,0.95,0.0775407174224664,0.15,pei_90,2023-0807-TZA,TZA,Flood,2023-10-15,2023-11-23,326,40,pei_90,tp_rollingmax,2023,0.0,17.82560975609756,30.452439024390245,28.23170731707317,4.232926829268293,16.196341463414633,3.0609756097560976
